Headline,Link
Hamas leader's funeral draws crowds in Iran,/news/articles/cz5rd0p2lxeo
Boxer Khelif through as opponent abandons in 46 seconds,/sport/olympics/articles/cw0yvln9z00o
Three men accused of plotting 9/11 reach plea deal - Pentagon,/news/articles/cldy01z6xnpo
"Olympics: Superstar Biles in all-around final, Murray in doubles shortly",https://www.bbc.com/sport/olympics/live/c99wn9rz818t
Hamas leader's funeral draws crowds in Iran,/news/articles/cz5rd0p2lxeo
Abducted from Australia? The mystery of the missing child bride,/news/articles/cmj26102l2jo
US border migrant crossings fall for fifth month in a row,/news/articles/crgryy0jk1zo
'Is she black or Indian?': Trump questions Harris' racial identity,/news/articles/c06k07dn1zjo
Boxer Khelif through as opponent abandons in 46 seconds,/sport/olympics/articles/cw0yvln9z00o
Turbulence takes instant noodles off Korean Air menu,/news/articles/cv2grdydv65o
Why the world's anti-doping agency feels stuck between US and China,/news/articles/cv2gygj1d28o
Hopes for survivors fade in deadly India landslides,/news/articles/cv2g0jmm7vro
BBC boss defends not sacking Huw Edwards after child abuse images arrest,https://www.bbc.com/news/live/c4ng18m25zpt
Uber strikes EV deal with Chinese Tesla rival BYD,/news/articles/cley0xn8e88o
Who's topping the Paris 2024 medal table?,https://www.bbc.co.uk/sport/olympics/paris-2024/medals
Ledecky & Marchand make history on epic night in the pool,/sport/olympics/articles/cw0yvx14nl4o
What's happening and when at the Paris Olympics?,/sport/articles/c1dmp9krz91o
History maker Fox seals 'magical' golden double in Paris,/sport/olympics/articles/cd1e8dz96geo
"Alcaraz, Djokovic and Swiatek advance in Olympic singles",/sport/olympics/articles/c4ng1rxzqy1o
"50 jobs, 30 years: The unseen labour of an Indian female worker",/news/articles/ck7g9kjdrpmo
Italy prepares to open controversial migrant centre in Albania,/news/articles/c2lke090kgko
The Mexican women aiding migrants on their perilous journey north,/news/articles/c720vye08y9o
Why the world's anti-doping agency feels stuck between US and China,/news/articles/cv2gygj1d28o
"50 jobs, 30 years: The unseen labour of an Indian female worker",/news/articles/ck7g9kjdrpmo
The scenic Indian villages devastated by deadly landslides,/news/articles/ckkge0pnxy3o
BBC faces questions over why it did not sack Huw Edwards,/news/articles/cw4yr3xyv8lo
Iran reels after Hamas leader assassinated in heart of Tehran,/news/articles/cq5xn9enj45o
Italy prepares to open controversial migrant centre in Albania,/news/articles/c2lke090kgko
History maker Fox seals 'magical' golden double in Paris,/sport/olympics/articles/cd1e8dz96geo
Can technology fix the 'broken' concert ticketing system?,/news/articles/cml2p8nvzp9o
Leopard attacks men at South Africa air force base,/news/articles/cjm9k242ngxo
"Lobster dinner for King Charles cost France €450,000",/news/articles/c4ng50pj2l8o
History maker Fox seals 'magical' golden double in Paris,/sport/olympics/articles/cd1e8dz96geo
The 1975 sued over Malaysia concert with Matty Healy kiss,/news/articles/cw4yd1e99jno
Moment wrongfully jailed man released after 34 years,/news/videos/cv2gx7xw7ywo
Turbulence takes instant noodles off Korean Air menu,/news/articles/cv2grdydv65o
Can technology fix the 'broken' concert ticketing system?,/news/articles/cml2p8nvzp9o
Belarus pardon for German hints at wider prisoner swap,/news/articles/ce78xl8r2xlo
'Gunners united but challenges ahead - Arsenal have Man City in sights',/sport/football/articles/c3gr5y3dezyo
Fifa offers calendar talks to angry organisations,/sport/football/articles/c720pp5rxewo
Yoro out for three months and Hojlund six weeks,/sport/football/articles/cg647g1q7w0o
Palace sign ex-Watford winger Sarr from Marseille,/sport/football/articles/c1rwvv1d07po
'Gunners united but challenges ahead - Arsenal have Man City in sights',/sport/football/articles/c3gr5y3dezyo
Rowers add more medals with Murray to come on day six,/sport/olympics/articles/cv2gxldk1z2o
UFC's £262m settlement for former fighters rejected,/sport/mixed-martial-arts/articles/c6p2y13r0l4o
Fifa offers calendar talks to angry organisations,/sport/football/articles/c720pp5rxewo
